"id","user_id","date","prayer","category","performed","performed_at","method","place","is_qadha","notes","created_at","updated_at"
"029334ca-14cf-457e-b4f7-e8f889ca0001","1588cfb4-708d-40f8-a6ee-6daabf7ee623","2026-03-23","SUBUH","WAJIB",True,"2026-03-22 22:00:00","SENDIRI","RUMAH",False,NULL,"2026-03-24 20:12:49.67","2026-03-24 20:12:49.67"
"0a4fd9a1-93dd-4889-b0df-254ae377f157","1588cfb4-708d-40f8-a6ee-6daabf7ee623","2026-03-25","DZUHUR","WAJIB",True,"2026-03-25 05:45:45","SENDIRI","RUMAH",False,NULL,"2026-03-25 05:45:46.151","2026-03-25 05:45:46.15"
"0aa0dd96-5a78-4eb2-a18b-b06c3665870e","1588cfb4-708d-40f8-a6ee-6daabf7ee623","2026-03-22","ASHAR","WAJIB",True,"2026-03-22 08:00:00","SENDIRI","RUMAH",False,NULL,"2026-03-24 20:12:49.242","2026-03-24 20:12:49.241"
"0dff9a4d-e837-427a-9080-8a435a90e745","1588cfb4-708d-40f8-a6ee-6daabf7ee623","2026-03-20","ISYA","WAJIB",True,"2026-03-20 12:00:00","SENDIRI","RUMAH",False,NULL,"2026-03-24 20:12:47.916","2026-03-24 20:12:47.916"
"12cc803c-3d77-47d3-9c74-bab1affdd0a3","1588cfb4-708d-40f8-a6ee-6daabf7ee623","2026-03-20","ASHAR","WAJIB",True,"2026-03-20 08:00:00","SENDIRI","RUMAH",False,NULL,"2026-03-24 20:12:47.533","2026-03-24 20:12:47.532"
"131cec58-0b6a-47d3-8322-c165a72d287a","1588cfb4-708d-40f8-a6ee-6daabf7ee623","2026-03-18","DZUHUR","WAJIB",True,"2026-03-18 05:00:00","SENDIRI","RUMAH",False,NULL,"2026-03-24 20:12:45.721","2026-03-24 20:12:45.72"
"20006b94-a32e-437c-a870-7dc848241caf","1588cfb4-708d-40f8-a6ee-6daabf7ee623","2026-03-21","ASHAR","WAJIB",True,"2026-03-21 08:00:00","SENDIRI","RUMAH",False,NULL,"2026-03-24 20:12:48.448","2026-03-24 20:12:48.448"
"28363cc7-dc5e-46d9-8925-4a589bda7ca4","1588cfb4-708d-40f8-a6ee-6daabf7ee623","2026-03-17","ISYA","WAJIB",True,"2026-03-17 12:00:00","SENDIRI","RUMAH",False,NULL,"2026-03-24 20:09:45.225","2026-03-24 20:09:45.224"
"2bd77b2d-b775-4db5-b0c2-9ac13e78d693","1588cfb4-708d-40f8-a6ee-6daabf7ee623","2026-03-20","DZUHUR","WAJIB",True,"2026-03-20 05:00:00","SENDIRI","RUMAH",False,NULL,"2026-03-24 20:12:47.397","2026-03-24 20:12:47.396"
"30a0a5c9-5be5-44fe-98b4-5f395d10e818","1588cfb4-708d-40f8-a6ee-6daabf7ee623","2026-03-26","MAGHRIB","WAJIB",True,"2026-03-26 11:55:39","SENDIRI","RUMAH",False,NULL,"2026-03-26 11:55:46.236","2026-03-26 11:55:46.235"
"3b75fe8a-5ced-4c96-bb5b-5a53da9ba2cc","1588cfb4-708d-40f8-a6ee-6daabf7ee623","2026-03-18","ISYA","WAJIB",True,"2026-03-18 12:00:00","SENDIRI","RUMAH",False,NULL,"2026-03-24 20:12:46.264","2026-03-24 20:12:46.263"
"434718fb-3a3f-47ce-bd7d-802cfd4ffa9c","1588cfb4-708d-40f8-a6ee-6daabf7ee623","2026-03-19","ASHAR","WAJIB",True,"2026-03-19 08:00:00","SENDIRI","RUMAH",False,NULL,"2026-03-24 20:12:46.741","2026-03-24 20:12:46.74"
"4eb538a5-2bba-48ed-a077-16d2dcbd6ded","1588cfb4-708d-40f8-a6ee-6daabf7ee623","2026-03-25","ASHAR","WAJIB",True,"2026-03-25 08:49:00","SENDIRI","RUMAH",False,NULL,"2026-03-25 09:53:11.741","2026-03-25 09:53:11.74"
"54a2aac7-ee16-4a57-853c-8cb41b2849af","1588cfb4-708d-40f8-a6ee-6daabf7ee623","2026-03-21","DZUHUR","WAJIB",True,"2026-03-21 05:00:00","SENDIRI","RUMAH",False,NULL,"2026-03-24 20:12:48.252","2026-03-24 20:12:48.251"
"56c2635e-d269-4ebb-bf9f-346b0a8fc217","1588cfb4-708d-40f8-a6ee-6daabf7ee623","2026-03-22","ISYA","WAJIB",True,"2026-03-22 12:00:00","SENDIRI","RUMAH",False,NULL,"2026-03-24 20:12:49.531","2026-03-24 20:12:49.53"
"574791f9-26fa-4b01-9a79-93a04bfe0e03","1588cfb4-708d-40f8-a6ee-6daabf7ee623","2026-03-26","ASHAR","WAJIB",True,"2026-03-26 09:11:58","SENDIRI","RUMAH",False,NULL,"2026-03-26 09:11:59.857","2026-03-26 09:11:59.856"
"61dcef1f-fa48-4df8-971f-4f868ea8ad64","1588cfb4-708d-40f8-a6ee-6daabf7ee623","2026-03-17","DZUHUR","WAJIB",True,"2026-03-17 05:00:00","SENDIRI","RUMAH",False,NULL,"2026-03-24 20:09:44.709","2026-03-24 20:09:44.708"
"671d8d4f-95a6-4971-997c-00885dd41458","1588cfb4-708d-40f8-a6ee-6daabf7ee623","2026-03-23","DZUHUR","WAJIB",True,"2026-03-23 05:00:00","SENDIRI","RUMAH",False,NULL,"2026-03-24 20:12:49.859","2026-03-24 20:12:49.858"
"6a7282c2-4b55-4ed0-a62e-5898c98d6299","1588cfb4-708d-40f8-a6ee-6daabf7ee623","2026-03-24","ASHAR","WAJIB",True,"2026-03-24 08:00:00","SENDIRI","RUMAH",False,NULL,"2026-03-24 20:12:50.63","2026-03-24 20:12:50.629"
"6d261099-e980-4e74-8ebf-7ffb1e8984c5","1588cfb4-708d-40f8-a6ee-6daabf7ee623","2026-03-19","MAGHRIB","WAJIB",True,"2026-03-19 11:00:00","SENDIRI","RUMAH",False,NULL,"2026-03-24 20:12:46.928","2026-03-24 20:12:46.927"
"6e029c98-2e0e-4c81-b645-cebe0547b432","1588cfb4-708d-40f8-a6ee-6daabf7ee623","2026-03-21","ISYA","WAJIB",True,"2026-03-21 12:00:00","SENDIRI","RUMAH",False,NULL,"2026-03-24 20:12:48.776","2026-03-24 20:12:48.775"
"6ef66f41-7535-454d-9f43-b21a8a0333b5","1588cfb4-708d-40f8-a6ee-6daabf7ee623","2026-03-25","MAGHRIB","WAJIB",True,"2026-03-25 11:55:13","SENDIRI","RUMAH",False,NULL,"2026-03-25 11:55:14.812","2026-03-25 11:55:14.811"
"75658ca7-719e-41f7-8a78-de004caec0cf","1588cfb4-708d-40f8-a6ee-6daabf7ee623","2026-03-23","MAGHRIB","WAJIB",True,"2026-03-23 11:00:00","SENDIRI","RUMAH",False,NULL,"2026-03-24 20:12:50.138","2026-03-24 20:12:50.137"
"7f294e73-f3a5-422f-83f1-0f91d123f6a3","1588cfb4-708d-40f8-a6ee-6daabf7ee623","2026-03-24","MAGHRIB","WAJIB",True,"2026-03-24 11:00:00","SENDIRI","RUMAH",False,NULL,"2026-03-24 20:12:50.773","2026-03-24 20:12:50.772"
"83f9ad9e-2bad-477c-8fa9-55ffb7a42648","1588cfb4-708d-40f8-a6ee-6daabf7ee623","2026-03-23","ASHAR","WAJIB",True,"2026-03-23 08:00:00","SENDIRI","RUMAH",False,NULL,"2026-03-24 20:12:50","2026-03-24 20:12:49.999"
"9a39b22d-477f-4058-b0ed-6b6a445efee0","1588cfb4-708d-40f8-a6ee-6daabf7ee623","2026-03-19","SUBUH","WAJIB",True,"2026-03-18 22:00:00","SENDIRI","RUMAH",False,NULL,"2026-03-24 20:12:46.402","2026-03-24 20:12:46.402"
"a1ac2e03-4e2d-4d8b-a2c8-a51e944cfe77","1588cfb4-708d-40f8-a6ee-6daabf7ee623","2026-03-17","MAGHRIB","WAJIB",True,"2026-03-17 11:00:00","SENDIRI","RUMAH",False,NULL,"2026-03-24 20:09:45.087","2026-03-24 20:09:45.086"
"a94e511d-d02d-4f01-939c-d0ef19a3fb4e","1588cfb4-708d-40f8-a6ee-6daabf7ee623","2026-03-20","SUBUH","WAJIB",True,"2026-03-19 22:00:00","SENDIRI","RUMAH",False,NULL,"2026-03-24 20:12:47.256","2026-03-24 20:12:47.255"
"aabc7e75-60eb-4c46-982f-8c3888cced6c","1588cfb4-708d-40f8-a6ee-6daabf7ee623","2026-03-26","DZUHUR","WAJIB",True,"2026-03-26 06:51:02","SENDIRI","RUMAH",False,NULL,"2026-03-26 06:51:06.393","2026-03-26 06:51:06.392"
"ad80213b-1e1b-4bf9-a1b5-eb9225ddefee","1588cfb4-708d-40f8-a6ee-6daabf7ee623","2026-03-18","ASHAR","WAJIB",True,"2026-03-18 08:00:00","SENDIRI","RUMAH",False,NULL,"2026-03-24 20:12:45.919","2026-03-24 20:12:45.918"
"b0a8251c-888e-41f6-9350-d52caba2614d","1588cfb4-708d-40f8-a6ee-6daabf7ee623","2026-03-22","MAGHRIB","WAJIB",True,"2026-03-22 11:00:00","SENDIRI","RUMAH",False,NULL,"2026-03-24 20:12:49.387","2026-03-24 20:12:49.386"
"bfd1e330-ffd8-47ed-afb3-4ad23a6cc984","1588cfb4-708d-40f8-a6ee-6daabf7ee623","2026-03-21","MAGHRIB","WAJIB",True,"2026-03-21 11:00:00","SENDIRI","RUMAH",False,NULL,"2026-03-24 20:12:48.638","2026-03-24 20:12:48.638"
"bff831c5-631c-4bb3-9b48-248c4d5d3ec8","1588cfb4-708d-40f8-a6ee-6daabf7ee623","2026-03-20","MAGHRIB","WAJIB",True,"2026-03-20 11:00:00","SENDIRI","RUMAH",False,NULL,"2026-03-24 20:12:47.721","2026-03-24 20:12:47.721"
"c88e80ee-1e58-48fb-a1cc-ff8a1993f8fa","1588cfb4-708d-40f8-a6ee-6daabf7ee623","2026-03-22","DZUHUR","WAJIB",True,"2026-03-22 05:00:00","SENDIRI","RUMAH",False,NULL,"2026-03-24 20:12:49.098","2026-03-24 20:12:49.097"
"d63a81b5-e3bd-40ae-8cef-ae13fa91eb3a","1588cfb4-708d-40f8-a6ee-6daabf7ee623","2026-03-25","ISYA","WAJIB",True,"2026-03-25 13:01:40","SENDIRI","RUMAH",False,NULL,"2026-03-25 13:01:42.598","2026-03-25 13:01:42.597"
"d72c04ee-6b26-403b-b0ef-727802999a0e","1588cfb4-708d-40f8-a6ee-6daabf7ee623","2026-03-24","DZUHUR","WAJIB",True,"2026-03-24 05:00:00","SENDIRI","RUMAH",False,NULL,"2026-03-24 20:12:50.426","2026-03-24 20:12:50.425"
"d7df6dce-6e85-47f4-a7e7-6b88eed7ed3c","1588cfb4-708d-40f8-a6ee-6daabf7ee623","2026-03-24","ISYA","WAJIB",True,"2026-03-24 12:00:00","SENDIRI","RUMAH",False,NULL,"2026-03-24 20:12:50.913","2026-03-24 20:12:50.912"
"e5112076-3867-42e5-b7c3-8a1d30dd813c","1588cfb4-708d-40f8-a6ee-6daabf7ee623","2026-03-18","MAGHRIB","WAJIB",True,"2026-03-18 11:00:00","SENDIRI","RUMAH",False,NULL,"2026-03-24 20:12:46.118","2026-03-24 20:12:46.118"
"e72d6db4-e142-4a78-a17d-4719ca7d534a","1588cfb4-708d-40f8-a6ee-6daabf7ee623","2026-03-21","SUBUH","WAJIB",True,"2026-03-20 22:00:00","SENDIRI","RUMAH",False,NULL,"2026-03-24 20:12:48.057","2026-03-24 20:12:48.056"
"e96b78c7-86b3-452d-be5b-f0b587c334d8","1588cfb4-708d-40f8-a6ee-6daabf7ee623","2026-03-18","SUBUH","WAJIB",True,"2026-03-17 22:00:00","SENDIRI","RUMAH",False,NULL,"2026-03-24 20:12:45.565","2026-03-24 20:12:45.564"
"ec918b4a-20e6-481a-a7a1-716054499399","1588cfb4-708d-40f8-a6ee-6daabf7ee623","2026-03-17","ASHAR","WAJIB",True,"2026-03-17 08:00:00","SENDIRI","RUMAH",False,NULL,"2026-03-24 20:09:44.895","2026-03-24 20:09:44.894"
"f00157b8-59f3-41f9-bab1-d1c06590af21","1588cfb4-708d-40f8-a6ee-6daabf7ee623","2026-03-22","SUBUH","WAJIB",True,"2026-03-21 22:00:00","SENDIRI","RUMAH",False,NULL,"2026-03-24 20:12:48.96","2026-03-24 20:12:48.96"
"f6f9bc00-9d66-4b40-ad63-799b623160d9","1588cfb4-708d-40f8-a6ee-6daabf7ee623","2026-03-19","ISYA","WAJIB",True,"2026-03-19 12:00:00","SENDIRI","RUMAH",False,NULL,"2026-03-24 20:12:47.067","2026-03-24 20:12:47.066"
"fb5183d2-abc8-4d9d-bfb6-18fea155747b","1588cfb4-708d-40f8-a6ee-6daabf7ee623","2026-03-19","DZUHUR","WAJIB",True,"2026-03-19 05:00:00","SENDIRI","RUMAH",False,NULL,"2026-03-24 20:12:46.598","2026-03-24 20:12:46.597"
"fc37b622-9154-49b8-9214-c921c82e3463","1588cfb4-708d-40f8-a6ee-6daabf7ee623","2026-03-23","ISYA","WAJIB",True,"2026-03-23 12:00:00","SENDIRI","RUMAH",False,NULL,"2026-03-24 20:12:50.283","2026-03-24 20:12:50.282"
